{"root":[{"assemblyName":"PhotonRealtime","nameSpace":"Photon.Realtime","className":"ConnectionHandler","methodName":"StaticReset","loadTypes":4,"isUnityClass":false},{"assemblyName":"Unity.Multiplayer.MLAPI.Runtime","nameSpace":"MLAPI","className":"NetworkUpdateLoop","methodName":"Initialize","loadTypes":0,"isUnityClass":true},{"assemblyName":"Unity.Multiplayer.MLAPI.Runtime","nameSpace":"MLAPI.Profiling","className":"ProfilerCountersInfo","methodName":"RegisterMLAPIPerformanceEvent","loadTypes":0,"isUnityClass":true}]}
